controller,time_s,position_m,velocity_mps,command_mps,compute_ms,effective_samples
baseline,0.000000000,0.000000000,0.000000000,0.499037870,2.069038001,2861.123701576
baseline,0.050000000,0.000000000,0.000000000,0.515521191,1.013339002,3531.944134167
baseline,0.100000000,0.001311979,0.052479163,0.522496035,0.936337998,3787.230473732
baseline,0.150000000,0.005153283,0.101172979,0.523724314,0.920258997,3781.373975971
baseline,0.200000000,0.011319597,0.145479600,0.524828788,0.902651998,3885.276434865
baseline,0.250000000,0.019587989,0.185256072,0.524630353,1.382055001,3906.893588744
baseline,0.300000000,0.029743535,0.220965771,0.521122314,1.137087998,3978.014084647
baseline,0.350000000,0.041590163,0.252899346,0.518659543,1.486950998,4025.329842362
baseline,0.400000000,0.054940293,0.281105856,0.517260615,1.397890999,4128.868888009
baseline,0.450000000,0.069620119,0.306087164,0.514950969,1.598819999,4212.375576065
baseline,0.500000000,0.085479655,0.328294309,0.514538403,1.078260997,4330.637072198
baseline,0.550000000,0.102385094,0.347923251,0.509184143,0.996522998,4451.990928421
baseline,0.600000000,0.120219291,0.365444614,0.511254677,1.064650001,4502.470325740
baseline,0.650000000,0.138869415,0.380560361,0.508544550,0.950406000,4621.660144897
baseline,0.700000000,0.158241031,0.394304265,0.502788541,1.069038000,4796.298905299
baseline,0.750000000,0.178256584,0.406317851,0.501015184,0.924987002,4936.149623120
baseline,0.800000000,0.198826100,0.416462775,0.499084270,0.925258999,5045.864713506
baseline,0.850000000,0.219871528,0.425354364,0.494801135,0.922849002,5221.109110130
baseline,0.900000000,0.241333083,0.433107851,0.489972016,1.059636001,5371.160497966
baseline,0.950000000,0.263150669,0.439595559,0.482581818,0.904592998,5562.198621481
baseline,1.000000000,0.285262887,0.444893182,0.479459794,1.373514002,5723.117956088
baseline,1.050000000,0.307606630,0.448856544,0.472058078,0.929111000,5887.412036172
baseline,1.100000000,0.330129914,0.452074803,0.467428998,1.106364001,6059.614834769
baseline,1.150000000,0.352786190,0.454176258,0.464492055,0.914048000,6320.003476660
baseline,1.200000000,0.375529845,0.455569925,0.453303355,1.149425003,6482.292225050
baseline,1.250000000,0.398331798,0.456508182,0.447585806,0.893424000,6630.127508198
baseline,1.300000000,0.421148781,0.456171161,0.442801280,0.936987999,6875.517415840
baseline,1.350000000,0.443934768,0.455268319,0.430758018,1.024206998,7036.541053783
baseline,1.400000000,0.466665408,0.453957276,0.420034258,0.918877002,7174.575144407
baseline,1.450000000,0.489302281,0.451517627,0.410197345,1.027565999,7337.685438677
baseline,1.500000000,0.511795392,0.448206814,0.401654089,0.887495000,7453.280136606
baseline,1.550000000,0.534105805,0.444209712,0.389499986,0.888803002,7568.084631816
baseline,1.600000000,0.556204411,0.439734534,0.373220009,0.893089997,7652.789467081
baseline,1.650000000,0.578059070,0.434451835,0.358821217,1.021051001,7706.194922419
baseline,1.700000000,0.599620683,0.428012654,0.348937318,0.877221002,7631.863470067
baseline,1.750000000,0.620839410,0.420736435,0.318360943,1.167186001,7426.626744607
baseline,1.800000000,0.641687470,0.413185991,0.292441388,0.885427999,7131.230953832
baseline,1.850000000,0.662097473,0.403214124,0.251917306,1.061408999,6824.556552035
baseline,1.900000000,0.681966956,0.391565187,0.221938833,0.930533002,6552.796687606
baseline,1.950000000,0.701178079,0.376879721,0.181365672,1.186172998,6374.777072906
baseline,2.000000000,0.719614723,0.360586031,0.148549887,0.924567001,6212.807504262
baseline,2.050000000,0.737172851,0.341739096,0.100229634,0.948411001,6144.453890241
baseline,2.100000000,0.753751908,0.321423187,0.067719918,1.073129002,6036.980058382
baseline,2.150000000,0.769241545,0.298162321,0.027958245,0.962365000,5883.198867332
baseline,2.200000000,0.783543825,0.273928841,-0.011120126,1.070327999,5866.534173690
baseline,2.250000000,0.796593606,0.248062405,-0.052271524,0.939116999,5705.446784213
baseline,2.300000000,0.808315331,0.220806593,-0.093965237,0.946304001,5595.430139304
baseline,2.350000000,0.818637733,0.192089512,-0.138796565,0.972582002,5276.563685061
baseline,2.400000000,0.827490166,0.162007799,-0.173349900,1.102123999,5086.857678131
baseline,2.450000000,0.834799736,0.130375007,-0.222731219,0.958555000,4848.722627689
baseline,2.500000000,0.840519989,0.098435088,-0.250727895,1.257666998,4362.304294575
baseline,2.550000000,0.844597391,0.064661020,-0.287265822,0.982968999,4205.754579642
baseline,2.600000000,0.847001279,0.031494506,-0.304918326,1.134126996,4022.036348522
baseline,2.650000000,0.847737978,-0.002026548,-0.316689304,1.002544002,3961.888190198
baseline,2.700000000,0.846840343,-0.033878854,-0.325357885,1.260707999,3998.759518524
baseline,2.750000000,0.844402887,-0.063619394,-0.320922401,0.997317002,4186.409533234
baseline,2.800000000,0.840533802,-0.091143993,-0.314423074,1.009370000,4427.265747880
baseline,2.850000000,0.835372511,-0.115307647,-0.289867264,1.117972999,4718.302964187
baseline,2.900000000,0.829083651,-0.136246762,-0.263418692,0.989176002,5134.527715736
baseline,2.950000000,0.821867442,-0.152401599,-0.241046230,1.084918000,5607.608926132
baseline,3.000000000,0.813955496,-0.164076232,-0.214670161,0.939464000,6022.999926651
baseline,3.050000000,0.805549329,-0.172170450,-0.187753572,0.926496999,6336.012731038
baseline,3.100000000,0.796829074,-0.176639748,-0.155266959,0.932852003,6587.978475348
baseline,3.150000000,0.787967869,-0.177808486,-0.129362763,1.040685998,6789.321183096
baseline,3.200000000,0.779136706,-0.175438003,-0.124474587,0.891922002,6998.115784996
baseline,3.250000000,0.770485939,-0.170592699,-0.096740128,1.158174000,7078.882923154
baseline,3.300000000,0.762077549,-0.165742887,-0.079762233,0.884970999,7101.087908292
baseline,3.350000000,0.753971814,-0.158486510,-0.054426125,1.061796000,7158.785301435
baseline,3.400000000,0.746254456,-0.150207811,-0.037733697,0.938731999,7192.085005615
baseline,3.450000000,0.738995877,-0.140135344,-0.024319303,1.160280000,7228.172365788
baseline,3.500000000,0.732258326,-0.129366717,-0.018015248,0.901359999,7222.962946709
baseline,3.550000000,0.726066161,-0.118319859,-0.008730050,0.926567998,7271.823385262
baseline,3.600000000,0.720413871,-0.107771757,0.012721017,1.044719000,7262.715789634
baseline,3.650000000,0.715285665,-0.097356464,0.016400826,0.929220998,7291.929232825
baseline,3.700000000,0.710707238,-0.085780641,0.033176345,1.047288002,7263.584013647
baseline,3.750000000,0.706686843,-0.075035168,0.049144817,0.892210999,7290.719093189
baseline,3.800000000,0.703219574,-0.063655571,0.048673141,0.898771003,7293.883788681
baseline,3.850000000,0.700333350,-0.051793405,0.063206676,0.896597001,7281.617226986
baseline,3.900000000,0.698007808,-0.041228275,0.072676207,1.034666999,7295.453042636
baseline,3.950000000,0.696220955,-0.030245824,0.075420053,0.884888002,7319.294863874
baseline,4.000000000,0.694979248,-0.019422473,0.085270362,1.160101001,7322.299103374
baseline,4.050000000,0.694257467,-0.009448768,0.079191295,0.875222002,7308.166061935
baseline,4.100000000,0.694034047,0.000511960,0.078917326,1.045668003,7325.094454136
baseline,4.150000000,0.694266494,0.008785933,0.094782890,0.899478000,7273.125004812
baseline,4.200000000,0.694890167,0.016160998,0.096729067,1.153930003,7302.786391875
baseline,4.250000000,0.695904915,0.024428930,0.092690493,0.896130998,7248.370007953
baseline,4.300000000,0.697316440,0.032032062,0.098746541,0.911137999,7200.621188604
baseline,4.350000000,0.699077515,0.038410944,0.091346280,1.029439001,7225.754570945
baseline,4.400000000,0.701156686,0.044755877,0.096901131,0.921965002,7209.130156388
baseline,4.450000000,0.703516967,0.049655355,0.092968907,1.032893000,7168.101900638
baseline,4.500000000,0.706123944,0.054623753,0.085561116,0.896720001,7167.468574443
baseline,4.550000000,0.708955942,0.058656156,0.079964392,0.899974002,7142.420121081
baseline,4.600000000,0.711959484,0.061485500,0.080456272,0.907041998,7082.284514458
baseline,4.650000000,0.715082340,0.063428753,0.069900362,1.046474001,7047.501862546
baseline,4.700000000,0.718298543,0.065219378,0.073479085,0.889921001,7013.041449934
baseline,4.750000000,0.721571818,0.065711634,0.058952971,1.104348001,7055.342621631
baseline,4.800000000,0.724877821,0.066528464,0.060062749,0.906935999,6990.029801218
baseline,4.850000000,0.728184328,0.065731820,0.053902461,0.885831003,6956.764953455
baseline,4.900000000,0.731456015,0.065135657,0.048620365,0.895875000,6978.275477145
baseline,4.950000000,0.734683266,0.063954366,0.043294055,0.895260000,6931.574938963
baseline,5.000000000,0.737840670,0.062341832,0.030768987,0.888297996,6967.976268132
baseline,5.050000000,0.740907685,0.060338755,0.031046460,0.917378999,6942.774805344
baseline,5.100000000,0.743846883,0.057229178,0.010924990,1.045069002,6946.353893145
baseline,5.150000000,0.746639508,0.054475785,0.008606179,0.890531999,6952.297753303
baseline,5.200000000,0.749248801,0.049895954,0.010009661,0.901628999,6927.363187454
baseline,5.250000000,0.751635047,0.045553893,0.001009097,0.890443000,6874.534263682
baseline,5.300000000,0.753819295,0.041816037,-0.008576144,0.914661003,6935.651448974
baseline,5.350000000,0.755802815,0.037524752,-0.006672842,1.055241999,6809.058967989
baseline,5.400000000,0.757557853,0.032676750,-0.017722419,0.901231000,6859.206465850
baseline,5.450000000,0.759088240,0.028538720,-0.019301357,0.887139999,6806.522646950
baseline,5.500000000,0.760393554,0.023673867,-0.017016397,1.119122000,6870.933617256
baseline,5.550000000,0.761464265,0.019154563,-0.029185719,0.893403998,6905.165899369
baseline,5.600000000,0.762326899,0.015350800,-0.036763202,1.114559000,6946.787491807
baseline,5.650000000,0.762977352,0.010667310,-0.033066385,0.909999999,6905.332009823
baseline,5.700000000,0.763386022,0.005679485,-0.031643084,0.894884000,6880.786214128
baseline,5.750000000,0.763568132,0.001604942,-0.038037869,0.893999000,6914.262008024
baseline,5.800000000,0.763560970,-0.001891443,-0.042449087,0.895306999,6835.891710387
baseline,5.850000000,0.763371368,-0.005692626,-0.035960943,0.897162998,6875.929321138
baseline,5.900000000,0.762990103,-0.009557960,-0.031645743,0.895640002,6878.003178495
baseline,5.950000000,0.762442792,-0.012334516,-0.032734020,0.892030002,6894.394465251
baseline,6.000000000,0.761775296,-0.014365298,-0.031231482,0.890792002,6987.409050985
baseline,6.050000000,0.761008740,-0.016296965,-0.042108247,0.888510000,6986.461498006
baseline,6.100000000,0.760154628,-0.017867489,-0.040815727,0.880175001,7092.981474769
baseline,6.150000000,0.759197524,-0.020416664,-0.045280104,0.885379999,7026.755602588
baseline,6.200000000,0.758123062,-0.022561843,-0.026156199,0.888284001,7022.884715837
baseline,6.250000000,0.756935243,-0.024950911,-0.026678418,0.885923000,7037.880177170
baseline,6.300000000,0.755684529,-0.025077660,-0.028636607,0.887052000,7081.126398398
baseline,6.350000000,0.754426437,-0.025245997,-0.027209900,0.876193000,7057.422293298
baseline,6.400000000,0.753155223,-0.025602556,-0.018560859,0.883429999,7060.572386353
baseline,6.450000000,0.751870870,-0.025771585,-0.025508751,0.890870000,7103.083193247
baseline,6.500000000,0.750601248,-0.025013300,-0.023181244,0.909220002,7038.754623522
baseline,6.550000000,0.749349280,-0.025065402,-0.015604327,1.100692003,7072.837751145
baseline,6.600000000,0.748100964,-0.024867263,-0.016146358,0.919942002,7081.940482474
baseline,6.650000000,0.746881953,-0.023893166,-0.012994997,1.061753999,7054.323435232
baseline,6.700000000,0.745707661,-0.023078507,-0.007942863,0.899700000,7055.834169349
baseline,6.750000000,0.744580245,-0.022018118,-0.010041665,0.883987999,7101.281839503
baseline,6.800000000,0.743516344,-0.020537955,-0.002964359,0.911015999,7070.439910810
baseline,6.850000000,0.742517041,-0.019434158,-0.004869658,1.077851000,7066.080844720
baseline,6.900000000,0.741588632,-0.017702182,0.000709940,0.886099999,7048.417680506
baseline,6.950000000,0.740737260,-0.016352705,0.008706006,1.014895002,7077.941965760
aware,0.000000000,0.000000000,0.000000000,0.476398995,0.999422999,6102.546503555
aware,0.050000000,0.000000000,0.000000000,0.484614900,0.982833000,6210.021265968
aware,0.100000000,0.001252461,0.050098444,0.484564555,0.993105001,6180.354862819
aware,0.150000000,0.004899734,0.095792491,0.475169209,1.001787001,6129.948933340
aware,0.200000000,0.010711447,0.136676027,0.462627226,0.982499001,6140.195646739
aware,0.250000000,0.018435153,0.172272201,0.458715875,0.986667001,6087.322701473
aware,0.300000000,0.027812112,0.202806134,0.447611638,0.978770000,6107.654407575
aware,0.350000000,0.038625209,0.229717777,0.436391339,0.979835000,6166.964392313
aware,0.400000000,0.050683945,0.252631644,0.428136736,0.986627001,6140.980699122
aware,0.450000000,0.063798634,0.271955939,0.415318540,0.991793000,6220.974613579
aware,0.500000000,0.077807033,0.288380019,0.406728232,1.038816001,6243.351883468
aware,0.550000000,0.092559758,0.301728960,0.396333664,0.990684002,6270.953645138
aware,0.600000000,0.107922251,0.312770755,0.390315145,0.979263001,6335.563020469
aware,0.650000000,0.123780477,0.321558288,0.382601604,0.980602999,6360.246590238
aware,0.700000000,0.140039154,0.328788806,0.369315593,0.981522000,6407.131279565
aware,0.750000000,0.156620069,0.334447797,0.361175868,0.971459998,6500.502239764
aware,0.800000000,0.173434127,0.338114518,0.357646546,0.978010001,6564.303995784
aware,0.850000000,0.190400482,0.340539665,0.342683199,0.979184002,6589.147059556
aware,0.900000000,0.207472439,0.342338637,0.332696089,0.982573001,6640.508934439
aware,0.950000000,0.224590277,0.342374871,0.321732935,0.981481997,6744.589640409
aware,1.000000000,0.241683575,0.341357044,0.308766372,0.994118000,6775.559342305
aware,1.050000000,0.258699835,0.339293359,0.290253216,0.972330003,6819.168864599
aware,1.100000000,0.275584247,0.336083120,0.281780986,0.984498998,6848.538623004
aware,1.150000000,0.292267915,0.331263616,0.284988707,0.983900001,6933.978987191
aware,1.200000000,0.308701005,0.326059989,0.269809426,0.980477998,6982.761401695
aware,1.250000000,0.324896028,0.321740905,0.262826992,0.993237998,7027.463177400
aware,1.300000000,0.340846544,0.316279755,0.257656398,1.006625000,7105.864338463
aware,1.350000000,0.356520004,0.310658626,0.247646749,0.985366998,7140.185706483
aware,1.400000000,0.371913591,0.305084876,0.234234754,0.983201000,7171.491254075
aware,1.450000000,0.387016829,0.299044643,0.227915499,0.998131000,7223.828828281
aware,1.500000000,0.401798675,0.292229191,0.224985413,0.997782001,7253.550446776
aware,1.550000000,0.416241053,0.285465919,0.218183438,0.996783001,7298.005634732
aware,1.600000000,0.430355345,0.279105748,0.202636951,1.018830000,7339.261884030
aware,1.650000000,0.444150466,0.272699116,0.198466175,0.988739001,7380.223728202
aware,1.700000000,0.457601227,0.265331331,0.201627024,0.997613999,7407.795791727
aware,1.750000000,0.470692004,0.258299745,0.184443318,1.046730002,7408.965474965
aware,1.800000000,0.483457998,0.252340003,0.184444305,1.026113998,7437.751598373
aware,1.850000000,0.495896497,0.245199941,0.170432996,0.989517001,7466.291818566
aware,1.900000000,0.507996766,0.238810837,0.163185339,0.990090000,7485.282172275
aware,1.950000000,0.519757541,0.231620177,0.154420006,0.992336001,7506.775520562
aware,2.000000000,0.531158634,0.224423522,0.151708276,0.985611001,7534.529277248
aware,2.050000000,0.542195770,0.217061905,0.137545059,1.029285999,7549.711484218
aware,2.100000000,0.552877049,0.210189273,0.138953638,1.062988998,7556.248955142
aware,2.150000000,0.563195530,0.202549957,0.140283366,1.103289000,7590.997122761
aware,2.200000000,0.573155832,0.195862125,0.130437223,1.037729999,7593.292663542
aware,2.250000000,0.582802821,0.190017425,0.127654165,1.066870002,7590.857837629
aware,2.300000000,0.592147054,0.183751930,0.123901279,1.064427001,7617.184238292
aware,2.350000000,0.601187169,0.177852651,0.117137197,1.068795998,7631.766934331
aware,2.400000000,0.609937962,0.172179088,0.117535091,1.073152998,7628.840113224
aware,2.450000000,0.618402211,0.166390845,0.101440708,1.073641000,7631.588049911
aware,2.500000000,0.626593310,0.161253140,0.111350668,1.030905001,7645.720477313
aware,2.550000000,0.634498719,0.154963224,0.102622464,1.065008000,7658.378445328
aware,2.600000000,0.642132222,0.150376898,0.101172722,1.043295000,7665.624887110
aware,2.650000000,0.649525520,0.145355009,0.093895402,1.059046001,7668.847757665
aware,2.700000000,0.656677115,0.140708770,0.093293182,1.066042998,7673.385565989
aware,2.750000000,0.663589480,0.135785844,0.081684951,1.066092998,7677.494072633
aware,2.800000000,0.670267058,0.131317286,0.077203964,1.089105001,7672.366518402
aware,2.850000000,0.676702438,0.126097916,0.082119906,1.078413999,7689.657595468
aware,2.900000000,0.682878791,0.120956195,0.076189610,1.072035000,7689.247322761
aware,2.950000000,0.688824500,0.116872144,0.067407942,1.057690002,7683.955186413
aware,3.000000000,0.694561152,0.112593941,0.067645025,1.020183001,7698.738703626
aware,3.050000000,0.700072054,0.107842151,0.066641072,1.007354000,7695.764465564
aware,3.100000000,0.705358483,0.103614993,0.069545760,1.019752002,7698.123914002
aware,3.150000000,0.710442027,0.099726790,0.069434804,1.004066999,7693.436630745
aware,3.200000000,0.715349020,0.096552933,0.051868293,1.037348000,7696.260602626
aware,3.250000000,0.720105373,0.093701172,0.053544675,1.007846000,7698.676837580
aware,3.300000000,0.724680452,0.089301998,0.053342216,0.994475999,7690.951973377
aware,3.350000000,0.729051545,0.085541733,0.057088952,0.991846002,7694.831202450
aware,3.400000000,0.733243979,0.082155610,0.054485322,1.083249001,7695.784244215
aware,3.450000000,0.737285859,0.079519583,0.050237296,1.018128001,7691.923119875
aware,3.500000000,0.741196022,0.076886963,0.037071776,1.027874001,7688.240797707
aware,3.550000000,0.744970308,0.074084466,0.030852810,1.019238000,7690.444455336
aware,3.600000000,0.748577224,0.070192186,0.036995585,1.000410000,7691.666868201
aware,3.650000000,0.751983410,0.066055230,0.023809976,0.997200001,7687.386928299
aware,3.700000000,0.755209773,0.062999298,0.027355955,1.017525999,7688.694820382
aware,3.750000000,0.758256709,0.058878122,0.028975445,0.990486998,7686.198568541
aware,3.800000000,0.761117742,0.055563230,0.016146948,1.020850999,7689.535870382
aware,3.850000000,0.763826004,0.052767240,0.017836298,1.005458998,7685.476640916
aware,3.900000000,0.766368091,0.048916225,0.018271370,0.991843001,7681.309077724
aware,3.950000000,0.768732192,0.045647839,0.012727187,1.023476998,7701.951917679
aware,4.000000000,0.770942611,0.042768911,0.013426632,1.005903003,7681.312929658
aware,4.050000000,0.773002076,0.039609703,0.000457477,0.986035997,7683.782907893
aware,4.100000000,0.774913726,0.036856273,-0.006337623,1.002259000,7688.934636694
aware,4.150000000,0.776660846,0.033028551,0.003961330,1.040359002,7698.789488201
aware,4.200000000,0.778208780,0.028888777,0.002784170,0.989656997,7695.764934917
aware,4.250000000,0.779587684,0.026267390,-0.000554898,0.990336001,7684.931402566
aware,4.300000000,0.780839315,0.023797878,0.004626498,0.995431001,7675.843940460
aware,4.350000000,0.781965185,0.021236924,-0.003522016,1.021594999,7681.517768111
aware,4.400000000,0.782983363,0.019490160,0.001247537,1.069211001,7676.985236450
aware,4.450000000,0.783897371,0.017070184,-0.000357642,1.019571002,7688.551174888
aware,4.500000000,0.784709282,0.015406263,-0.002675107,1.001238001,7670.730008519
aware,4.550000000,0.785438152,0.013748520,-0.003755402,0.989648001,7673.006263330
aware,4.600000000,0.786082400,0.012021400,0.001228480,1.003575999,7668.556266564
aware,4.650000000,0.786641992,0.010362301,-0.001772279,1.006823000,7669.758677629
aware,4.700000000,0.787136095,0.009401782,0.007947893,1.023195997,7664.461358944
aware,4.750000000,0.787576807,0.008226710,0.000856176,0.995028000,7679.395804548
aware,4.800000000,0.787987409,0.008197390,0.010020318,0.997609000,7660.607192280
aware,4.850000000,0.788377979,0.007425383,0.011767059,0.999055999,7649.809585250
aware,4.900000000,0.788756070,0.007698268,0.010844952,0.996679999,7653.660394983
aware,4.950000000,0.789151680,0.008126145,0.013136448,0.978411997,7647.371770923
aware,5.000000000,0.789565135,0.008412056,0.005968162,1.007692001,7650.158692879
aware,5.050000000,0.789998159,0.008908877,0.012937455,1.005358001,7649.097141133
aware,5.100000000,0.790435871,0.008599629,-0.002099156,0.993547001,7662.355068980
aware,5.150000000,0.790877257,0.009055798,0.002202028,1.001098000,7646.338610979
aware,5.200000000,0.791300720,0.007882735,0.009287186,0.995327002,7637.402692592
aware,5.250000000,0.791679922,0.007285348,0.007095533,0.988504999,7634.952764859
aware,5.300000000,0.792049453,0.007495863,0.001297481,0.995146002,7640.122715193
aware,5.350000000,0.792423193,0.007453764,0.009474298,0.977182000,7631.832903948
aware,5.400000000,0.792779696,0.006806365,0.007014987,0.991032000,7634.534809201
aware,5.450000000,0.793127029,0.007086926,0.010591356,0.986415998,7603.049499244
aware,5.500000000,0.793481186,0.007079361,0.014816438,0.988191001,7602.833943180
aware,5.550000000,0.793844387,0.007448685,0.005448751,0.994272003,7602.524237852
aware,5.600000000,0.794236191,0.008223483,-0.003720340,1.004561000,7596.355074399
aware,5.650000000,0.794640071,0.007931690,0.000760552,1.075228000,7603.188026601
aware,5.700000000,0.795006022,0.006706355,0.002331369,1.014630001,7598.551173766
aware,5.750000000,0.795325708,0.006081090,-0.003044176,0.995696999,7599.249141153
aware,5.800000000,0.795619904,0.005686767,-0.004542762,0.996534000,7573.689615731
aware,5.850000000,0.795881289,0.004768615,0.001913758,1.014736001,7606.709705564
aware,5.900000000,0.796095240,0.003789424,0.010130198,1.021261000,7589.366296756
aware,5.950000000,0.796279780,0.003592178,0.008961004,1.003707002,7581.808149224
aware,6.000000000,0.796476577,0.004279721,0.003509659,0.999432003,7583.670571690
aware,6.050000000,0.796702871,0.004772007,-0.010666413,1.006672999,7610.351019378
aware,6.100000000,0.796938152,0.004639258,-0.014139733,0.989976001,7629.486724831
aware,6.150000000,0.797129876,0.003029703,-0.017071575,0.982038000,7614.236977964
aware,6.200000000,0.797236223,0.001224154,-0.001695450,1.000471002,7608.427048974
aware,6.250000000,0.797249330,-0.000699838,-0.005503002,0.988573000,7615.636304263
aware,6.300000000,0.797211721,-0.000804537,-0.007967443,0.998304000,7649.018237283
aware,6.350000000,0.797159142,-0.001298631,-0.009853657,0.996477000,7606.629336101
aware,6.400000000,0.797076678,-0.001999928,-0.005470234,0.993198999,7622.748774435
aware,6.450000000,0.796956034,-0.002825831,-0.015341542,1.003705001,7654.389998344
aware,6.500000000,0.796807790,-0.003103918,-0.013958497,0.998264000,7643.418027983
aware,6.550000000,0.796620421,-0.004390835,-0.009795870,0.994958998,7643.835093937
aware,6.600000000,0.796375726,-0.005396977,-0.011668151,0.997654999,7653.549278539
aware,6.650000000,0.796094313,-0.005859568,-0.009928218,1.001009998,7648.665819099
aware,6.700000000,0.795786063,-0.006470402,-0.006560123,0.999435000,7649.985072219
aware,6.750000000,0.795453452,-0.006834029,-0.010904700,0.999438998,7666.894221951
aware,6.800000000,0.795112471,-0.006805224,-0.002951621,0.999761000,7663.472373636
aware,6.850000000,0.794761432,-0.007236328,-0.007738981,0.988276999,7652.985076343
aware,6.900000000,0.794410880,-0.006785745,-0.000158815,0.979922999,7657.409041506
aware,6.950000000,0.794069087,-0.006885988,0.007759751,0.966898002,7660.803072364
